"AuthorType","Female","Male","Female_perc","OR","OR_L","OR_U"
"Single",296,482,38.0462724935733,0.904759958939612,0.777772544909175,1.05248068816314
"First",1198,1397,46.1657032755299,1.40836003651294,1.2844604784724,1.54421099417996
"Co-author",1245,1853,40.1872175597159,0.997475570142349,0.912977625208175,1.08979397255649
"Last",908,1687,34.990366088632,0.733365319877343,0.667203072356834,0.806088452948787
"All",3647,5419,40.2272225898963, , , 
